timestamp,status,input,table,guid,output,rows,parquet_file,error
2026-09-25T10:45:04.132809+00:00,RUNNING,/home/postgres/santhosh_bsc/csv_location/new_5_test/ecm_output/49/OPTIM_UK_ADDRESSES-7E1618E0-4B23-11EE-AEE6-005056A9AB1E-240926024716.CSV,OPTIM_UK_ADDRESSES,,/home/postgres/santhosh_bsc/script_par_loc/new5testlatest/parquet,,,
2026-09-25T10:45:09.309887+00:00,SUCCESS,/home/postgres/santhosh_bsc/csv_location/new_5_test/ecm_output/49/OPTIM_UK_ADDRESSES-7E1618E0-4B23-11EE-AEE6-005056A9AB1E-240926024716.CSV,OPTIM_UK_ADDRESSES,{7E1618E0-4B23-11EE-AEE6-005056A9AB1E},/home/postgres/santhosh_bsc/script_par_loc/new5testlatest/parquet/OPTIM_UK_ADDRESSES.parquet,10000,/home/postgres/santhosh_bsc/script_par_loc/new5testlatest/parquet/OPTIM_UK_ADDRESSES.parquet/part-00000-b6d0b730-6341-43ce-a5f5-e7dc15758a38-c000.zstd.parquet,
2026-09-25T10:45:09.311617+00:00,RUNNING,/home/postgres/santhosh_bsc/csv_location/new_5_test/ecm_output/49/OPTIM_UK_FIRSTNAME-7E1618E0-4B23-11EE-AEE6-005056A9AB1E-240926024716.CSV,OPTIM_UK_FIRSTNAME,,/home/postgres/santhosh_bsc/script_par_loc/new5testlatest/parquet,,,
2026-09-25T10:45:09.697123+00:00,SUCCESS,/home/postgres/santhosh_bsc/csv_location/new_5_test/ecm_output/49/OPTIM_UK_FIRSTNAME-7E1618E0-4B23-11EE-AEE6-005056A9AB1E-240926024716.CSV,OPTIM_UK_FIRSTNAME,{7E1618E0-4B23-11EE-AEE6-005056A9AB1E},/home/postgres/santhosh_bsc/script_par_loc/new5testlatest/parquet/OPTIM_UK_FIRSTNAME.parquet,227,/home/postgres/santhosh_bsc/script_par_loc/new5testlatest/parquet/OPTIM_UK_FIRSTNAME.parquet/part-00000-fe19efc8-9dad-4292-bdb4-466bcfd69001-c000.zstd.parquet,
2026-09-25T10:45:09.697995+00:00,RUNNING,/home/postgres/santhosh_bsc/csv_location/new_5_test/ecm_output/49/OPTIM_UK_LASTNAME-7E1618E0-4B23-11EE-AEE6-005056A9AB1E-240926024716.CSV,OPTIM_UK_LASTNAME,,/home/postgres/santhosh_bsc/script_par_loc/new5testlatest/parquet,,,
2026-09-25T10:45:10.070059+00:00,SUCCESS,/home/postgres/santhosh_bsc/csv_location/new_5_test/ecm_output/49/OPTIM_UK_LASTNAME-7E1618E0-4B23-11EE-AEE6-005056A9AB1E-240926024716.CSV,OPTIM_UK_LASTNAME,{7E1618E0-4B23-11EE-AEE6-005056A9AB1E},/home/postgres/santhosh_bsc/script_par_loc/new5testlatest/parquet/OPTIM_UK_LASTNAME.parquet,500,/home/postgres/santhosh_bsc/script_par_loc/new5testlatest/parquet/OPTIM_UK_LASTNAME.parquet/part-00000-85cd054c-9600-46f9-9c2e-c2329b5a22e9-c000.zstd.parquet,
2026-09-25T10:45:10.071099+00:00,RUNNING,/home/postgres/santhosh_bsc/csv_location/new_5_test/ecm_output/49/TARGETSRC135.OPTIM_UK_ADDRESSES-7E1618E0-4B23-11EE-AEE6-005056A9AB1E-240926024803.CSV,OPTIM_UK_ADDRESSES,,/home/postgres/santhosh_bsc/script_par_loc/new5testlatest/new5testlatest_TARGETSRC135/parquet,,,
2026-09-25T10:45:10.558805+00:00,SUCCESS,/home/postgres/santhosh_bsc/csv_location/new_5_test/ecm_output/49/TARGETSRC135.OPTIM_UK_ADDRESSES-7E1618E0-4B23-11EE-AEE6-005056A9AB1E-240926024803.CSV,OPTIM_UK_ADDRESSES,{7E1618E0-4B23-11EE-AEE6-005056A9AB1E},/home/postgres/santhosh_bsc/script_par_loc/new5testlatest/new5testlatest_TARGETSRC135/parquet/OPTIM_UK_ADDRESSES.parquet,10000,/home/postgres/santhosh_bsc/script_par_loc/new5testlatest/new5testlatest_TARGETSRC135/parquet/OPTIM_UK_ADDRESSES.parquet/part-00000-9dd31a06-b256-42a6-b753-62d91dca3cef-c000.zstd.parquet,
2026-09-25T10:45:10.559760+00:00,RUNNING,/home/postgres/santhosh_bsc/csv_location/new_5_test/ecm_output/49/TARGETSRC135.OPTIM_UK_FIRSTNAME-7E1618E0-4B23-11EE-AEE6-005056A9AB1E-240926024803.CSV,OPTIM_UK_FIRSTNAME,,/home/postgres/santhosh_bsc/script_par_loc/new5testlatest/new5testlatest_TARGETSRC135/parquet,,,
2026-09-25T10:45:10.859858+00:00,SUCCESS,/home/postgres/santhosh_bsc/csv_location/new_5_test/ecm_output/49/TARGETSRC135.OPTIM_UK_FIRSTNAME-7E1618E0-4B23-11EE-AEE6-005056A9AB1E-240926024803.CSV,OPTIM_UK_FIRSTNAME,{7E1618E0-4B23-11EE-AEE6-005056A9AB1E},/home/postgres/santhosh_bsc/script_par_loc/new5testlatest/new5testlatest_TARGETSRC135/parquet/OPTIM_UK_FIRSTNAME.parquet,227,/home/postgres/santhosh_bsc/script_par_loc/new5testlatest/new5testlatest_TARGETSRC135/parquet/OPTIM_UK_FIRSTNAME.parquet/part-00000-cd7e5c9c-2eb9-4755-b82a-6e870d1d840a-c000.zstd.parquet,
2026-09-25T10:45:10.860893+00:00,RUNNING,/home/postgres/santhosh_bsc/csv_location/new_5_test/ecm_output/49/TARGETSRC135.OPTIM_UK_LASTNAME-7E1618E0-4B23-11EE-AEE6-005056A9AB1E-240926024803.CSV,OPTIM_UK_LASTNAME,,/home/postgres/santhosh_bsc/script_par_loc/new5testlatest/new5testlatest_TARGETSRC135/parquet,,,
2026-09-25T10:45:11.130857+00:00,SUCCESS,/home/postgres/santhosh_bsc/csv_location/new_5_test/ecm_output/49/TARGETSRC135.OPTIM_UK_LASTNAME-7E1618E0-4B23-11EE-AEE6-005056A9AB1E-240926024803.CSV,OPTIM_UK_LASTNAME,{7E1618E0-4B23-11EE-AEE6-005056A9AB1E},/home/postgres/santhosh_bsc/script_par_loc/new5testlatest/new5testlatest_TARGETSRC135/parquet/OPTIM_UK_LASTNAME.parquet,500,/home/postgres/santhosh_bsc/script_par_loc/new5testlatest/new5testlatest_TARGETSRC135/parquet/OPTIM_UK_LASTNAME.parquet/part-00000-cdb42bcf-e93d-4f61-963a-33910c357ba1-c000.zstd.parquet,
2026-09-25T10:50:02.246064+00:00,RUNNING,/home/postgres/santhosh_bsc/csv_location/new_4_test/ecm_output/48/OPTIM_UK_ADDRESSES-A259B600-4636-11ED-93F0-005056A9AB1E-240926024648.CSV,OPTIM_UK_ADDRESSES,,/home/postgres/santhosh_bsc/script_par_loc/new4latest/parquet,,,
2026-09-25T10:50:07.316091+00:00,SUCCESS,/home/postgres/santhosh_bsc/csv_location/new_4_test/ecm_output/48/OPTIM_UK_ADDRESSES-A259B600-4636-11ED-93F0-005056A9AB1E-240926024648.CSV,OPTIM_UK_ADDRESSES,{A259B600-4636-11ED-93F0-005056A9AB1E},/home/postgres/santhosh_bsc/script_par_loc/new4latest/parquet/OPTIM_UK_ADDRESSES.parquet,100,/home/postgres/santhosh_bsc/script_par_loc/new4latest/parquet/OPTIM_UK_ADDRESSES.parquet/part-00000-d17ed897-f528-4956-85b1-4eb625512300-c000.zstd.parquet,
2026-09-25T10:50:07.317756+00:00,RUNNING,/home/postgres/santhosh_bsc/csv_location/new_4_test/ecm_output/48/OPTIM_UK_FIRSTNAME-A259B600-4636-11ED-93F0-005056A9AB1E-240926024648.CSV,OPTIM_UK_FIRSTNAME,,/home/postgres/santhosh_bsc/script_par_loc/new4latest/parquet,,,
2026-09-25T10:50:07.684441+00:00,SUCCESS,/home/postgres/santhosh_bsc/csv_location/new_4_test/ecm_output/48/OPTIM_UK_FIRSTNAME-A259B600-4636-11ED-93F0-005056A9AB1E-240926024648.CSV,OPTIM_UK_FIRSTNAME,{A259B600-4636-11ED-93F0-005056A9AB1E},/home/postgres/santhosh_bsc/script_par_loc/new4latest/parquet/OPTIM_UK_FIRSTNAME.parquet,99,/home/postgres/santhosh_bsc/script_par_loc/new4latest/parquet/OPTIM_UK_FIRSTNAME.parquet/part-00000-cbc37f67-a232-4679-b3b1-db4300685c57-c000.zstd.parquet,
2026-09-25T10:50:07.685390+00:00,RUNNING,/home/postgres/santhosh_bsc/csv_location/new_4_test/ecm_output/48/OPTIM_UK_FIRSTNAME_F-A259B600-4636-11ED-93F0-005056A9AB1E-240926024648.CSV,OPTIM_UK_FIRSTNAME_F,,/home/postgres/santhosh_bsc/script_par_loc/new4latest/parquet,,,
2026-09-25T10:50:08.057124+00:00,SUCCESS,/home/postgres/santhosh_bsc/csv_location/new_4_test/ecm_output/48/OPTIM_UK_FIRSTNAME_F-A259B600-4636-11ED-93F0-005056A9AB1E-240926024648.CSV,OPTIM_UK_FIRSTNAME_F,{A259B600-4636-11ED-93F0-005056A9AB1E},/home/postgres/santhosh_bsc/script_par_loc/new4latest/parquet/OPTIM_UK_FIRSTNAME_F.parquet,99,/home/postgres/santhosh_bsc/script_par_loc/new4latest/parquet/OPTIM_UK_FIRSTNAME_F.parquet/part-00000-6dfa2a57-c964-4c4e-9d4f-4bdde899a00c-c000.zstd.parquet,
2026-09-25T10:50:08.058114+00:00,RUNNING,/home/postgres/santhosh_bsc/csv_location/new_4_test/ecm_output/48/OPTIM_UK_FIRSTNAME_M-A259B600-4636-11ED-93F0-005056A9AB1E-240926024648.CSV,OPTIM_UK_FIRSTNAME_M,,/home/postgres/santhosh_bsc/script_par_loc/new4latest/parquet,,,
2026-09-25T10:50:08.371566+00:00,SUCCESS,/home/postgres/santhosh_bsc/csv_location/new_4_test/ecm_output/48/OPTIM_UK_FIRSTNAME_M-A259B600-4636-11ED-93F0-005056A9AB1E-240926024648.CSV,OPTIM_UK_FIRSTNAME_M,{A259B600-4636-11ED-93F0-005056A9AB1E},/home/postgres/santhosh_bsc/script_par_loc/new4latest/parquet/OPTIM_UK_FIRSTNAME_M.parquet,99,/home/postgres/santhosh_bsc/script_par_loc/new4latest/parquet/OPTIM_UK_FIRSTNAME_M.parquet/part-00000-f630c612-28bc-4b6a-a876-eb21c4f04b7f-c000.zstd.parquet,
2026-09-25T10:50:08.372510+00:00,RUNNING,/home/postgres/santhosh_bsc/csv_location/new_4_test/ecm_output/48/OPTIM_UK_LASTNAME-A259B600-4636-11ED-93F0-005056A9AB1E-240926024648.CSV,OPTIM_UK_LASTNAME,,/home/postgres/santhosh_bsc/script_par_loc/new4latest/parquet,,,
2026-09-25T10:50:08.713299+00:00,SUCCESS,/home/postgres/santhosh_bsc/csv_location/new_4_test/ecm_output/48/OPTIM_UK_LASTNAME-A259B600-4636-11ED-93F0-005056A9AB1E-240926024648.CSV,OPTIM_UK_LASTNAME,{A259B600-4636-11ED-93F0-005056A9AB1E},/home/postgres/santhosh_bsc/script_par_loc/new4latest/parquet/OPTIM_UK_LASTNAME.parquet,99,/home/postgres/santhosh_bsc/script_par_loc/new4latest/parquet/OPTIM_UK_LASTNAME.parquet/part-00000-bd38fbd9-f2bf-4f46-b00d-f09d8cf730f4-c000.zstd.parquet,
2026-09-25T10:50:08.714269+00:00,RUNNING,/home/postgres/santhosh_bsc/csv_location/new_4_test/ecm_output/48/OPTIM_UK_PERSON-A259B600-4636-11ED-93F0-005056A9AB1E-240926024648.CSV,OPTIM_UK_PERSON,,/home/postgres/santhosh_bsc/script_par_loc/new4latest/parquet,,,
2026-09-25T10:50:09.302520+00:00,SUCCESS,/home/postgres/santhosh_bsc/csv_location/new_4_test/ecm_output/48/OPTIM_UK_PERSON-A259B600-4636-11ED-93F0-005056A9AB1E-240926024648.CSV,OPTIM_UK_PERSON,{A259B600-4636-11ED-93F0-005056A9AB1E},/home/postgres/santhosh_bsc/script_par_loc/new4latest/parquet/OPTIM_UK_PERSON.parquet,99,/home/postgres/santhosh_bsc/script_par_loc/new4latest/parquet/OPTIM_UK_PERSON.parquet/part-00000-06c04205-ee86-4277-b5f8-038d265f46e0-c000.zstd.parquet,
